"Symbol","Series","Date","Prev Close","Open Price","High Price","Low Price","Last Price","Close Price","Average Price","Total Traded Quantity","Turnover","No. of Trades","Deliverable Qty","% Dly Qt to Traded Qty"
"ADANIGAS","BE","05-Nov-2018","        210.95","         72.00","         75.60","         72.00","         75.60","         75.60","         74.99","    1636701","           122729359.60","       1882","-","-"
"ADANIGAS","BE","06-Nov-2018","         75.60","         77.00","         79.35","         75.70","         78.45","         78.10","         78.05","    2528961","           197393653.30","       9884","-","-"
"ADANIGAS","BE","07-Nov-2018","         78.10","         79.40","         82.00","         78.50","         82.00","         81.30","         80.62","     488994","            39421079.00","       2778","-","-"
"ADANIGAS","BE","09-Nov-2018","         81.30","         84.00","         84.00","         77.25","         80.00","         79.95","         78.48","    1926334","           151175106.90","      10797","-","-"
"ADANIGAS","BE","12-Nov-2018","         79.95","         79.80","         79.80","         76.00","         76.00","         76.00","         76.51","    1494059","           114317329.05","       9859","-","-"
"ADANIGAS","BE","13-Nov-2018","         76.00","         72.50","         78.00","         72.50","         77.20","         76.95","         74.60","     915107","            68266679.40","       5791","-","-"
"ADANIGAS","BE","14-Nov-2018","         76.95","         77.05","         78.65","         75.50","         78.30","         78.30","         77.68","     640666","            49769978.15","       3780","-","-"
"ADANIGAS","BE","15-Nov-2018","         78.30","         79.00","         80.00","         75.50","         79.60","         79.40","         78.93","     662627","            52302817.50","       4634","-","-"
"ADANIGAS","BE","16-Nov-2018","         79.40","         79.40","         79.75","         77.50","         79.00","         78.85","         78.75","     445033","            35048347.60","       3866","-","-"
"ADANIGAS","BE","19-Nov-2018","         78.85","         78.45","         78.95","         77.20","         77.75","         77.80","         77.84","    1332624","           103731954.15","       4254","-","-"
"ADANIGAS","EQ","20-Nov-2018","         77.80","         81.00","         88.50","         80.10","         81.70","         80.90","         84.13","    3819027","           321301715.40","      34652","    1658744","         43.43"
"ADANIGAS","EQ","21-Nov-2018","         80.90","         81.90","         97.05","         81.70","         97.05","         97.05","         92.40","    7785820","           719371266.95","      46424","    1800748","         23.13"
"ADANIGAS","EQ","22-Nov-2018","         97.05","        106.55","        115.40","        105.00","        110.85","        111.55","        110.88","   17594459","          1950801226.65","     110939","    2716428","         15.44"
"ADANIGAS","EQ","26-Nov-2018","        111.55","        114.10","        114.70","        102.00","        102.90","        104.10","        106.23","    7818868","           830570645.45","      51150","    2218601","         28.37"
"ADANIGAS","EQ","27-Nov-2018","        104.10","        100.50","        105.25","         98.25","        100.60","        101.05","        101.94","    4647882","           473801462.80","      30527","    1519373","         32.69"
"ADANIGAS","EQ","28-Nov-2018","        101.05","        101.45","        102.60","         94.10","         98.50","         99.00","         99.37","    4517227","           448891912.90","      30954","    1469506","         32.53"
"ADANIGAS","EQ","29-Nov-2018","         99.00","         99.90","        101.70","         98.10","         99.00","         99.45","         99.75","    2006532","           200150175.05","      15978","     885840","         44.15"
"ADANIGAS","EQ","30-Nov-2018","         99.45","         99.10","        101.40","         97.65","         98.70","         98.75","         99.33","    1745738","           173397289.35","      11046","     750996","         43.02"
"ADANIGAS","EQ","03-Dec-2018","         98.75","         99.00","         99.75","         96.30","         97.30","         97.50","         97.44","    1065560","           103831084.70","       7332","     520509","         48.85"
"ADANIGAS","EQ","04-Dec-2018","         97.50","         97.50","         97.85","         95.20","         96.10","         96.20","         96.23","    1044937","           100558123.60","       7173","     593119","         56.76"
"ADANIGAS","EQ","05-Dec-2018","         96.20","         95.15","        105.80","         94.20","        105.80","        105.35","        104.09","    6794511","           707219865.95","      39506","    1604206","         23.61"
"ADANIGAS","EQ","06-Dec-2018","        105.35","        103.95","        110.70","        103.15","        103.50","        104.30","        106.64","    4175920","           445324282.50","      27122","    1024353","         24.53"
"ADANIGAS","EQ","07-Dec-2018","        104.30","        105.00","        108.50","         99.25","         99.70","        100.15","        102.36","    1674014","           171348326.75","      18612","     648341","         38.73"
"ADANIGAS","EQ","10-Dec-2018","        100.15","         95.10","         98.00","         94.00","         95.00","         94.85","         95.47","     965256","            92149340.20","       8932","     424474","         43.98"
"ADANIGAS","EQ","11-Dec-2018","         94.85","         91.00","         98.70","         91.00","         96.50","         96.15","         95.99","    1521664","           146065090.65","      13961","     367164","         24.13"
"ADANIGAS","EQ","12-Dec-2018","         96.15","         97.70","        101.95","         97.50","         97.90","         98.05","         99.44","    1142024","           113567873.60","       9909","     468763","         41.05"
"ADANIGAS","EQ","13-Dec-2018","         98.05","         99.60","        101.90","         98.50","         99.45","         98.95","         99.79","     966517","            96445509.35","       7437","     299972","         31.04"
"ADANIGAS","EQ","14-Dec-2018","         98.95","         99.75","        100.80","         98.10","         98.60","         98.85","         99.14","     513487","            50908963.35","       4016","     235189","         45.80"
"ADANIGAS","EQ","17-Dec-2018","         98.85","         99.55","        100.80","         98.75","         99.70","         99.70","         99.52","     584085","            58128119.80","       3976","     222396","         38.08"
"ADANIGAS","EQ","18-Dec-2018","         99.70","         99.10","        108.40","         98.40","        106.55","        106.25","        105.10","    3127798","           328743388.65","      22919","     820985","         26.25"
"ADANIGAS","EQ","19-Dec-2018","        106.25","        108.45","        108.45","        102.55","        102.90","        103.00","        105.04","    1107432","           116326842.40","       8897","     528610","         47.73"
"ADANIGAS","EQ","20-Dec-2018","        103.00","        102.05","        104.75","        101.55","        103.00","        102.80","        103.30","     657144","            67879835.90","       4936","     189824","         28.89"
"ADANIGAS","EQ","21-Dec-2018","        102.80","        103.65","        103.90","         99.40","         99.70","         99.65","        100.89","     763820","            77059361.90","       6043","     426761","         55.87"
"ADANIGAS","EQ","24-Dec-2018","         99.65","        100.70","        101.15","         98.05","         98.40","         98.30","         99.47","     415118","            41293431.10","       3726","     183863","         44.29"
"ADANIGAS","EQ","26-Dec-2018","         98.30","         97.85","        103.20","         96.50","        100.90","        100.50","        100.64","    1298911","           130719377.60","      10575","     326767","         25.16"
"ADANIGAS","EQ","27-Dec-2018","        100.50","        101.25","        102.30","         99.65","         99.85","        100.10","        100.78","     455898","            45943954.30","       5353","     164212","         36.02"
"ADANIGAS","EQ","28-Dec-2018","        100.10","        100.65","        102.75","        100.35","        101.00","        101.20","        101.45","     618916","            62786485.05","       4226","     286968","         46.37"
"ADANIGAS","EQ","31-Dec-2018","        101.20","        101.50","        102.40","        100.10","        100.30","        100.80","        101.23","     394322","            39917565.45","       2821","     162791","         41.28"
"ADANIGAS","EQ","01-Jan-2019","        100.80","        101.25","        103.50","        100.55","        101.80","        101.85","        102.10","     501670","            51221804.00","       4149","     164957","         32.88"
"ADANIGAS","EQ","02-Jan-2019","        101.85","        101.25","        102.55","         99.40","        100.85","        100.45","        101.11","     379628","            38383260.20","       3395","     133068","         35.05"
"ADANIGAS","EQ","03-Jan-2019","        100.45","        102.30","        103.20","        100.75","        100.75","        100.85","        101.67","     560741","            57011745.60","       4988","     228490","         40.75"
"ADANIGAS","EQ","04-Jan-2019","        100.85","        101.00","        101.75","         99.85","        100.60","        100.85","        100.80","     360516","            36339069.00","       2402","     156028","         43.28"
"ADANIGAS","EQ","07-Jan-2019","        100.85","        101.50","        103.00","        100.50","        101.60","        101.65","        101.66","     787978","            80108512.20","       4530","     373844","         47.44"
"ADANIGAS","EQ","08-Jan-2019","        101.65","        101.65","        101.90","        100.25","        101.05","        101.10","        100.96","     385585","            38928700.30","       2158","     173030","         44.87"
"ADANIGAS","EQ","09-Jan-2019","        101.10","        101.50","        102.75","         99.90","        101.30","        101.25","        101.45","     563962","            57216764.65","       3488","     199918","         35.45"
"ADANIGAS","EQ","10-Jan-2019","        101.25","        101.45","        101.70","         99.75","         99.95","        100.40","        100.60","     336970","            33899009.85","       1989","     181009","         53.72"
"ADANIGAS","EQ","11-Jan-2019","        100.40","        100.50","        101.60","         98.35","         98.70","         99.00","         99.83","     533121","            53221313.95","       3490","     240683","         45.15"
"ADANIGAS","EQ","14-Jan-2019","         99.00","         99.05","        100.20","         97.50","         98.50","         98.05","         98.66","     457526","            45137463.80","       3049","     161125","         35.22"
"ADANIGAS","EQ","15-Jan-2019","         98.05","         98.70","         99.20","         97.75","         98.25","         98.40","         98.41","     341359","            33591906.90","       3462","     165562","         48.50"
"ADANIGAS","EQ","16-Jan-2019","         98.40","         98.50","        100.40","         98.20","         99.10","         99.05","         98.97","     363370","            35962515.95","       2460","     123926","         34.10"
"ADANIGAS","EQ","17-Jan-2019","         99.05","         99.50","        101.00","         97.80","         98.55","         98.50","         99.16","     509916","            50562500.00","       3730","     180005","         35.30"
"ADANIGAS","EQ","18-Jan-2019","         98.50","         99.10","         99.50","         97.00","         98.70","         98.60","         98.30","     378266","            37183860.20","       2553","     170191","         44.99"
"ADANIGAS","EQ","21-Jan-2019","         98.60","         98.80","         98.80","         97.00","         97.20","         97.75","         97.96","     440885","            43188751.60","       3383","     237915","         53.96"
"ADANIGAS","EQ","22-Jan-2019","         97.75","         97.75","         98.40","         95.30","         97.10","         96.90","         96.92","     462224","            44799573.40","       3224","     260638","         56.39"
"ADANIGAS","EQ","23-Jan-2019","         96.90","         96.90","         97.45","         95.80","         96.80","         96.80","         96.69","     323343","            31264156.35","       1925","     166891","         51.61"
"ADANIGAS","EQ","24-Jan-2019","         96.80","         97.25","        100.00","         95.95","         99.70","         99.45","         98.29","     715971","            70372659.20","       3030","     480860","         67.16"
"ADANIGAS","EQ","25-Jan-2019","         99.45","         98.70","         99.50","         93.45","         97.80","         98.10","         97.17","    1095182","           106414670.10","       6790","     717148","         65.48"
"ADANIGAS","EQ","28-Jan-2019","         98.10","         97.95","         97.95","         88.30","         88.30","         88.55","         89.77","    1186589","           106515680.20","       6848","     521577","         43.96"
"ADANIGAS","EQ","29-Jan-2019","         88.55","         89.90","         96.40","         88.90","         96.20","         93.65","         92.40","    1667154","           154042044.55","      10353","     555391","         33.31"
"ADANIGAS","EQ","30-Jan-2019","         93.65","         95.70","         96.70","         94.05","         94.75","         94.70","         95.14","     455516","            43338637.25","       3792","     238328","         52.32"
"ADANIGAS","EQ","31-Jan-2019","         94.70","         95.30","         96.00","         91.00","         92.25","         92.45","         93.13","     572228","            53290927.85","       3302","     371965","         65.00"
"ADANIGAS","EQ","01-Feb-2019","         92.45","         92.05","         93.30","         92.00","         92.50","         92.45","         92.59","     285635","            26446969.85","       1935","     156270","         54.71"
"ADANIGAS","EQ","04-Feb-2019","         92.45","         92.90","         97.20","         84.00","         95.90","         96.00","         93.91","    1260974","           118413908.10","       6603","     843517","         66.89"
"ADANIGAS","EQ","05-Feb-2019","         96.00","         95.15","         98.00","         94.05","         96.50","         96.35","         96.12","     879131","            84503437.90","       3335","     672326","         76.48"
"ADANIGAS","EQ","06-Feb-2019","         96.35","         97.40","         97.90","         92.90","         97.20","         96.40","         95.45","     383885","            36642114.80","       2284","     248249","         64.67"
"ADANIGAS","EQ","07-Feb-2019","         96.40","         97.20","        103.40","         97.10","         97.75","         97.90","         99.89","     798768","            79785026.15","       6596","     298886","         37.42"
"ADANIGAS","EQ","08-Feb-2019","         97.90","         98.00","         98.70","         94.80","         95.50","         95.45","         96.22","     252817","            24325786.15","       2175","     143397","         56.72"
"ADANIGAS","EQ","11-Feb-2019","         95.45","         94.05","         96.75","         94.00","         95.10","         94.80","         94.86","     239324","            22703250.10","       1725","     117730","         49.19"
"ADANIGAS","EQ","12-Feb-2019","         94.80","         94.80","         95.75","         93.55","         93.65","         94.00","         94.39","     178252","            16825771.10","       1449","     112811","         63.29"
"ADANIGAS","EQ","13-Feb-2019","         94.00","         94.05","         99.05","         94.05","         97.60","         97.70","         97.04","     992892","            96348804.90","       8517","     298408","         30.05"
"ADANIGAS","EQ","14-Feb-2019","         97.70","         98.00","         98.00","         94.25","         96.55","         96.20","         95.68","     389712","            37286028.75","       4886","     218885","         56.17"
"ADANIGAS","EQ","15-Feb-2019","         96.20","         96.55","         97.50","         94.60","         96.70","         96.90","         95.86","     358062","            34322176.40","       3462","     224655","         62.74"
"ADANIGAS","EQ","18-Feb-2019","         96.90","         96.00","         97.15","         94.20","         95.25","         95.45","         95.37","     343653","            32774363.20","       3488","     201145","         58.53"
"ADANIGAS","EQ","19-Feb-2019","         95.45","         95.30","         96.35","         94.35","         95.00","         95.10","         95.17","     316209","            30093036.45","       3484","     186004","         58.82"
"ADANIGAS","EQ","20-Feb-2019","         95.10","         95.40","         97.45","         94.00","         97.15","         95.75","         95.37","     414982","            39576569.90","       2631","     273147","         65.82"
"ADANIGAS","EQ","21-Feb-2019","         95.75","         96.55","         99.90","         95.85","         99.80","         98.75","         97.77","     426183","            41668731.05","       4265","     304082","         71.35"
"ADANIGAS","EQ","22-Feb-2019","         98.75","         99.35","        103.00","         98.25","        101.75","        102.20","        101.20","     932312","            94350183.95","       6453","     453273","         48.62"
"ADANIGAS","EQ","25-Feb-2019","        102.20","        102.20","        103.90","        100.25","        100.30","        100.80","        101.56","     344984","            35038115.15","       2508","     200888","         58.23"
"ADANIGAS","EQ","26-Feb-2019","        100.80","         99.50","        101.40","         96.15","        100.70","        100.55","         99.20","     581121","            57645115.10","       4153","     215958","         37.16"
"ADANIGAS","EQ","27-Feb-2019","        100.55","        102.00","        103.45","         97.20","         99.50","         99.80","        100.45","     548376","            55085309.95","       3564","     238244","         43.45"
"ADANIGAS","EQ","28-Feb-2019","         99.80","        100.75","        102.55","         99.75","        102.20","        102.00","        101.45","     464224","            47095505.15","       2443","     325865","         70.20"
"ADANIGAS","EQ","01-Mar-2019","        102.00","        102.10","        108.90","        102.10","        106.00","        106.00","        105.95","    1269475","           134494873.40","       9314","     425662","         33.53"
"ADANIGAS","EQ","05-Mar-2019","        106.00","        105.10","        114.70","        105.10","        109.75","        110.65","        110.14","    2046300","           225384919.25","      14766","     575591","         28.13"
"ADANIGAS","EQ","06-Mar-2019","        110.65","        111.40","        114.00","        100.60","        113.50","        113.10","        112.04","    1096455","           122849196.45","       6539","     439755","         40.11"
"ADANIGAS","EQ","07-Mar-2019","        113.10","        113.55","        117.70","        113.10","        114.95","        115.20","        115.35","    1018859","           117527561.60","       7809","     397420","         39.01"
"ADANIGAS","EQ","08-Mar-2019","        115.20","        115.20","        116.00","        113.50","        114.50","        114.75","        114.78","     463357","            53185990.65","       3425","     195862","         42.27"
"ADANIGAS","EQ","11-Mar-2019","        114.75","        115.75","        118.80","        115.50","        117.15","        117.25","        117.42","     669356","            78595968.20","       4948","     285968","         42.72"
"ADANIGAS","EQ","12-Mar-2019","        117.25","        118.45","        122.20","        117.50","        119.75","        120.05","        120.29","    1551133","           186587257.80","      10648","     483067","         31.14"
"ADANIGAS","EQ","13-Mar-2019","        120.05","        120.00","        120.00","        118.10","        118.95","        118.75","        118.83","     468422","            55663479.55","       3360","     197957","         42.26"
"ADANIGAS","EQ","14-Mar-2019","        118.75","        118.65","        118.90","        115.60","        117.00","        117.20","        117.41","     643626","            75566841.90","       4365","     409118","         63.56"
"ADANIGAS","EQ","15-Mar-2019","        117.20","        117.00","        118.00","        116.00","        116.40","        116.50","        116.42","     659518","            76783400.05","       4053","     480260","         72.82"
"ADANIGAS","EQ","18-Mar-2019","        116.50","        116.40","        119.25","        116.00","        117.00","        116.75","        116.95","     244883","            28638839.00","       2025","     108674","         44.38"
"ADANIGAS","EQ","19-Mar-2019","        116.75","        117.20","        119.00","        116.10","        117.65","        118.00","        117.64","     285002","            33526443.45","       1955","     110717","         38.85"
"ADANIGAS","EQ","20-Mar-2019","        118.00","        117.80","        117.90","        116.00","        116.25","        116.65","        116.76","     204846","            23917893.50","       1306","     120597","         58.87"
"ADANIGAS","EQ","22-Mar-2019","        116.65","        116.85","        117.80","        115.15","        115.55","        116.20","        116.16","     389292","            45219210.10","       1774","     279448","         71.78"
"ADANIGAS","EQ","25-Mar-2019","        116.20","        115.20","        116.50","        113.30","        115.50","        115.35","        115.25","     225454","            25982781.75","       1326","     149045","         66.11"
"ADANIGAS","EQ","26-Mar-2019","        115.35","        115.65","        116.75","        114.75","        116.00","        116.15","        115.83","     153241","            17750370.80","       1269","      77165","         50.36"
"ADANIGAS","EQ","27-Mar-2019","        116.15","        116.15","        118.40","        115.00","        116.10","        115.50","        116.28","     273625","            31817042.00","       1898","     143940","         52.60"
"ADANIGAS","EQ","28-Mar-2019","        115.50","        116.00","        117.50","        115.35","        117.40","        116.90","        116.37","     123587","            14381462.00","       1247","      67159","         54.34"
"ADANIGAS","EQ","29-Mar-2019","        116.90","        117.75","        135.50","        116.55","        129.00","        128.70","        129.15","    3150937","           406947772.60","      30699","     695073","         22.06"
"ADANIGAS","EQ","01-Apr-2019","        128.70","        129.50","        137.50","        129.00","        133.00","        133.50","        133.55","    1017473","           135879568.75","       9781","     268236","         26.36"
"ADANIGAS","EQ","02-Apr-2019","        133.50","        133.55","        137.40","        128.80","        132.00","        132.30","        133.51","    1784606","           238269178.75","      18828","     427531","         23.96"
"ADANIGAS","EQ","03-Apr-2019","        132.30","        132.30","        133.60","        128.10","        128.35","        128.50","        131.02","     415786","            54477608.55","       3947","     178329","         42.89"
"ADANIGAS","EQ","04-Apr-2019","        128.50","        128.90","        134.00","        128.45","        130.95","        130.85","        130.96","     501350","            65657215.55","       6107","     152887","         30.50"
"ADANIGAS","EQ","05-Apr-2019","        130.85","        132.60","        133.00","        129.10","        129.95","        130.10","        130.83","     313703","            41041096.95","       3293","     104678","         33.37"
"ADANIGAS","EQ","08-Apr-2019","        130.10","        130.70","        137.00","        130.00","        132.80","        133.05","        134.30","    1111499","           149271515.15","      11331","     330894","         29.77"
"ADANIGAS","EQ","09-Apr-2019","        133.05","        133.20","        133.45","        129.30","        131.00","        131.30","        131.39","     308999","            40599833.60","       3795","      88890","         28.77"
"ADANIGAS","EQ","10-Apr-2019","        131.30","        131.20","        133.45","        129.25","        129.25","        129.80","        130.83","     338994","            44349611.45","       3147","     144671","         42.68"
"ADANIGAS","EQ","11-Apr-2019","        129.80","        129.95","        132.30","        128.15","        130.00","        130.35","        130.22","     388571","            50598127.60","       3714","     129799","         33.40"
"ADANIGAS","EQ","12-Apr-2019","        130.35","        130.50","        132.30","        129.75","        129.80","        130.15","        130.76","     230302","            30115096.10","       2301","      78467","         34.07"
"ADANIGAS","EQ","15-Apr-2019","        130.15","        130.85","        132.20","        129.60","        129.90","        130.05","        130.59","     298257","            38948812.20","       3019","      91225","         30.59"
"ADANIGAS","EQ","16-Apr-2019","        130.05","        130.70","        144.75","        130.30","        141.15","        141.65","        140.22","    3175557","           445286092.20","      30627","     688093","         21.67"
"ADANIGAS","EQ","18-Apr-2019","        141.65","        141.85","        146.50","        132.45","        141.05","        141.10","        140.79","    2284428","           321618740.00","      24052","     550457","         24.10"
"ADANIGAS","EQ","22-Apr-2019","        141.10","        139.70","        152.30","        138.55","        146.00","        145.50","        147.90","    2627799","           388653482.90","      28565","     488474","         18.59"
"ADANIGAS","EQ","23-Apr-2019","        145.50","        146.40","        151.45","        146.00","        148.10","        147.60","        148.52","    1012260","           150343697.25","      15912","     262334","         25.92"
"ADANIGAS","EQ","24-Apr-2019","        147.60","        149.60","        153.80","        149.00","        151.60","        151.20","        151.33","     988450","           149578312.00","      10234","     268694","         27.18"
"ADANIGAS","EQ","25-Apr-2019","        151.20","        152.45","        152.65","        145.20","        146.05","        146.15","        148.51","     499126","            74122762.70","       5505","     218620","         43.80"
"ADANIGAS","EQ","26-Apr-2019","        146.15","        147.10","        147.80","        142.30","        143.00","        143.25","        144.33","     293719","            42392808.45","       4216","     117102","         39.87"
"ADANIGAS","EQ","30-Apr-2019","        143.25","        143.00","        147.00","        130.60","        131.95","        134.00","        139.62","     804450","           112314431.40","      11962","     362194","         45.02"
"ADANIGAS","EQ","02-May-2019","        134.00","        132.00","        136.10","        130.20","        131.20","        131.20","        133.61","     662221","            88477267.10","       6779","     280132","         42.30"
"ADANIGAS","EQ","03-May-2019","        131.20","        131.70","        134.35","        131.55","        132.55","        132.75","        132.89","     274700","            36504535.60","       4847","     120082","         43.71"
"ADANIGAS","EQ","06-May-2019","        132.75","        131.20","        132.90","        129.45","        129.90","        129.75","        130.99","     309542","            40545682.15","       6156","     158312","         51.14"
"ADANIGAS","EQ","07-May-2019","        129.75","        130.55","        137.40","        130.50","        135.30","        134.80","        135.18","     904522","           122275749.20","      14590","     302867","         33.48"
"ADANIGAS","EQ","08-May-2019","        134.80","        133.05","        134.70","        128.85","        130.90","        130.95","        132.05","     309514","            40871077.95","       5742","     146929","         47.47"
"ADANIGAS","EQ","09-May-2019","        130.95","        134.70","        134.80","        131.10","        132.75","        132.25","        133.10","     380930","            50702606.05","       6448","     177038","         46.48"
"ADANIGAS","EQ","10-May-2019","        132.25","        133.30","        134.40","        130.45","        131.00","        131.05","        132.03","     232537","            30702570.60","       3874","     114014","         49.03"
"ADANIGAS","EQ","13-May-2019","        131.05","        131.40","        135.40","        121.00","        121.50","        123.20","        127.63","     532402","            67952174.45","       5995","     237970","         44.70"
"ADANIGAS","EQ","14-May-2019","        123.20","        119.55","        122.00","        113.20","        118.00","        117.95","        117.88","     835593","            98502412.80","      14375","     303638","         36.34"
"ADANIGAS","EQ","15-May-2019","        117.95","        119.15","        122.25","        117.85","        118.90","        118.95","        120.20","     469929","            56483764.35","      11058","     185755","         39.53"
"ADANIGAS","EQ","16-May-2019","        118.95","        119.00","        119.90","        113.05","        114.75","        114.80","        115.81","     419323","            48561045.85","      11716","     225369","         53.75"
"ADANIGAS","EQ","17-May-2019","        114.80","        115.05","        117.90","        114.05","        116.10","        115.55","        116.09","     478070","            55499970.65","       9868","     263830","         55.19"
"ADANIGAS","EQ","20-May-2019","        115.55","        130.00","        132.90","        126.15","        130.30","        130.30","        130.26","    1909809","           248780102.15","      19884","     787365","         41.23"
"ADANIGAS","EQ","21-May-2019","        130.30","        131.85","        134.10","        129.10","        131.40","        131.25","        131.58","     832157","           109497369.20","       9392","     292115","         35.10"
"ADANIGAS","EQ","22-May-2019","        131.25","        131.95","        134.00","        130.00","        134.00","        133.70","        132.56","     766826","           101654203.95","       6883","     340613","         44.42"
"ADANIGAS","EQ","23-May-2019","        133.70","        140.00","        145.90","        133.50","        136.70","        135.85","        140.85","    2298249","           323701315.20","      19026","     834465","         36.31"
"ADANIGAS","EQ","24-May-2019","        135.85","        137.90","        138.90","        132.90","        136.00","        136.00","        135.51","     538701","            72999672.90","       5373","     212568","         39.46"
"ADANIGAS","EQ","27-May-2019","        136.00","        137.00","        147.45","        136.50","        143.00","        143.25","        143.57","    2739690","           393333177.90","      22385","     575653","         21.01"
"ADANIGAS","EQ","28-May-2019","        143.25","        146.00","        165.40","        141.60","        162.00","        163.25","        159.16","    7666645","          1220197302.75","      60680","    1763642","         23.00"
"ADANIGAS","EQ","29-May-2019","        163.25","        162.60","        174.50","        160.10","        167.40","        167.75","        168.87","    6101639","          1030392398.55","      50033","    1058889","         17.35"
"ADANIGAS","EQ","30-May-2019","        167.75","        167.95","        172.70","        164.00","        170.80","        171.15","        169.25","    2433004","           411788954.65","      21845","     512830","         21.08"
"ADANIGAS","EQ","31-May-2019","        171.15","        170.00","        172.80","        164.25","        165.00","        164.85","        167.49","    1269835","           212688169.15","      10690","     509457","         40.12"
"ADANIGAS","EQ","03-Jun-2019","        164.85","        167.00","        180.25","        166.65","        179.65","        178.65","        176.03","    4940331","           869630838.10","      43696","    1185599","         24.00"
"ADANIGAS","EQ","04-Jun-2019","        178.65","        179.10","        184.15","        177.90","        180.95","        181.70","        181.84","    2395791","           435646453.40","      21724","     500375","         20.89"
"ADANIGAS","EQ","06-Jun-2019","        181.70","        179.90","        179.90","        166.80","        170.65","        170.35","        171.60","    1884457","           323378218.10","      17296","     827920","         43.93"
"ADANIGAS","EQ","07-Jun-2019","        170.35","        171.00","        174.00","        168.10","        169.30","        169.90","        170.96","    1044187","           178512012.60","      11930","     254473","         24.37"
"ADANIGAS","EQ","10-Jun-2019","        169.90","        171.60","        173.55","        169.50","        170.40","        170.65","        171.46","     585996","           100472452.30","       5635","     176125","         30.06"
"ADANIGAS","EQ","11-Jun-2019","        170.65","        171.60","        171.70","        165.70","        166.00","        166.30","        167.32","     461658","            77242327.50","       4846","     204859","         44.37"
"ADANIGAS","EQ","12-Jun-2019","        166.30","        166.50","        172.30","        164.65","        169.50","        169.60","        169.26","    1088194","           184183821.50","      11859","     285381","         26.23"
"ADANIGAS","EQ","13-Jun-2019","        169.60","        169.95","        171.95","        166.40","        168.70","        168.75","        169.01","     461180","            77945649.45","       4554","     155344","         33.68"
"ADANIGAS","EQ","14-Jun-2019","        168.75","        175.50","        180.00","        173.05","        173.30","        173.95","        176.09","    2435871","           428931591.80","      22876","     693961","         28.49"
"ADANIGAS","EQ","17-Jun-2019","        173.95","        174.00","        174.80","        166.70","        167.35","        167.35","        169.50","     498593","            84513007.50","       6150","     232705","         39.68"
"ADANIGAS","EQ","18-Jun-2019","        167.35","        167.35","        169.00","        164.60","        165.05","        165.40","        166.57","     405246","            67501049.00","       4890","     130951","         27.92"
"ADANIGAS","EQ","19-Jun-2019","        165.40","        166.10","        168.35","        157.50","        161.50","        161.50","        162.08","     699957","           113447043.20","       6832","     303921","         43.42"
"ADANIGAS","EQ","20-Jun-2019","        161.50","        157.60","        160.50","        155.40","        158.10","        158.35","        158.00","     676637","           106910231.30","       7206","     378296","         55.91"
"ADANIGAS","EQ","21-Jun-2019","        158.35","        158.35","        162.85","        156.50","        159.05","        159.45","        160.28","     683080","           109485724.10","      10893","     244740","         35.83"
"ADANIGAS","EQ","24-Jun-2019","        159.45","        160.60","        162.50","        157.55","        158.50","        158.70","        159.78","     275114","            43956652.10","       3823","     104474","         37.97"
"ADANIGAS","EQ","25-Jun-2019","        158.70","        159.35","        166.25","        155.90","        161.80","        162.20","        161.61","     826013","           133494258.25","       9355","     214757","         26.00"
"ADANIGAS","EQ","26-Jun-2019","        162.20","        160.80","        165.00","        160.10","        162.10","        162.25","        162.77","     554210","            90207931.65","       7066","     195832","         35.34"
"ADANIGAS","EQ","27-Jun-2019","        162.25","        162.55","        170.90","        162.55","        168.40","        167.45","        167.76","     983387","           164969620.05","      11393","     328848","         33.44"
"ADANIGAS","EQ","28-Jun-2019","        167.45","        169.30","        171.25","        168.00","        169.50","        170.10","        169.67","     868765","           147405565.40","       7554","     370594","         42.66"
"ADANIGAS","EQ","01-Jul-2019","        170.10","        169.80","        174.65","        168.50","        171.95","        172.00","        172.02","     743786","           127944963.55","       8680","     247829","         33.32"
"ADANIGAS","EQ","02-Jul-2019","        172.00","        172.90","        180.70","        171.75","        174.70","        175.55","        176.75","    1576370","           278626201.95","      17196","     381808","         24.22"
"ADANIGAS","EQ","03-Jul-2019","        175.55","        174.70","        178.65","        173.25","        174.30","        174.25","        175.24","     631985","           110749188.50","       7571","     172992","         27.37"
"ADANIGAS","EQ","04-Jul-2019","        174.25","        175.00","        177.50","        173.55","        174.00","        174.10","        175.40","     473313","            83017183.05","       5041","     215350","         45.50"
"ADANIGAS","EQ","05-Jul-2019","        174.10","        174.90","        175.40","        166.20","        166.70","        167.35","        170.03","     469789","            79879230.15","       6226","     219086","         46.63"
"ADANIGAS","EQ","08-Jul-2019","        167.35","        166.00","        166.20","        163.10","        163.65","        163.45","        163.90","     327217","            53631526.40","       3667","     181148","         55.36"
"ADANIGAS","EQ","09-Jul-2019","        163.45","        163.35","        167.40","        158.60","        163.70","        164.40","        164.49","     863251","           141999159.30","       9468","     336549","         38.99"
"ADANIGAS","EQ","10-Jul-2019","        164.40","        165.15","        166.70","        163.10","        163.10","        163.25","        163.93","     383523","            62871788.50","       3440","     220908","         57.60"
"ADANIGAS","EQ","11-Jul-2019","        163.25","        164.65","        165.30","        163.10","        163.70","        163.90","        164.01","     165980","            27222462.55","       2327","      61993","         37.35"
"ADANIGAS","EQ","12-Jul-2019","        163.90","        164.05","        166.30","        163.10","        163.20","        163.20","        164.27","     277761","            45629179.35","       3369","     105911","         38.13"
"ADANIGAS","EQ","15-Jul-2019","        163.20","        163.00","        164.85","        160.30","        163.00","        163.15","        162.95","     235989","            38453537.80","       2471","     115522","         48.95"
"ADANIGAS","EQ","16-Jul-2019","        163.15","        163.90","        177.75","        161.05","        172.50","        172.15","        172.42","    1773978","           305877907.55","      21840","     333677","         18.81"
"ADANIGAS","EQ","17-Jul-2019","        172.15","        174.00","        181.00","        173.75","        175.05","        175.50","        177.13","    2390851","           423496809.15","      22745","     618100","         25.85"
"ADANIGAS","EQ","18-Jul-2019","        175.50","        174.85","        174.85","        169.00","        169.95","        169.95","        171.01","     499924","            85492188.20","       6852","     259809","         51.97"
"ADANIGAS","EQ","19-Jul-2019","        169.95","        170.10","        171.90","        163.50","        164.35","        164.25","        166.68","     540401","            90072689.95","       7651","     173131","         32.04"
"ADANIGAS","EQ","22-Jul-2019","        164.25","        162.40","        167.60","        158.90","        165.55","        164.60","        164.32","     438196","            72004729.90","       6072","     143476","         32.74"
"ADANIGAS","EQ","23-Jul-2019","        164.60","        165.75","        166.90","        161.50","        163.40","        163.50","        164.72","     272935","            44957553.55","       4120","      99921","         36.61"
"ADANIGAS","EQ","24-Jul-2019","        163.50","        163.60","        164.75","        159.60","        161.10","        161.30","        161.38","     346275","            55882055.10","       4279","     158010","         45.63"
"ADANIGAS","EQ","25-Jul-2019","        161.30","        162.75","        164.50","        158.55","        160.70","        160.35","        161.27","     278894","            44977085.60","       3595","     108701","         38.98"
"ADANIGAS","EQ","26-Jul-2019","        160.35","        161.90","        162.90","        159.15","        160.00","        160.85","        161.13","     274778","            44275871.40","       3864","     102186","         37.19"
"ADANIGAS","EQ","29-Jul-2019","        160.85","        161.10","        161.55","        158.20","        160.20","        159.70","        159.72","     267937","            42795124.10","       3041","     144107","         53.78"
"ADANIGAS","EQ","30-Jul-2019","        159.70","        160.70","        161.45","        154.40","        158.35","        157.55","        158.25","     320824","            50770357.45","       3848","     161599","         50.37"
"ADANIGAS","EQ","31-Jul-2019","        157.55","        158.10","        161.60","        148.55","        149.75","        153.05","        155.89","     569728","            88813130.10","       7413","     284555","         49.95"
"ADANIGAS","EQ","01-Aug-2019","        153.05","        149.65","        155.80","        149.65","        153.20","        152.75","        152.91","     610162","            93301221.80","       7650","     350496","         57.44"
"ADANIGAS","EQ","02-Aug-2019","        152.75","        151.10","        157.75","        150.00","        153.50","        153.90","        153.86","     527332","            81134626.50","       7570","     171707","         32.56"
"ADANIGAS","EQ","05-Aug-2019","        153.90","        151.05","        151.95","        147.00","        150.00","        149.60","        149.66","     489051","            73193762.75","       5834","     171364","         35.04"
"ADANIGAS","EQ","06-Aug-2019","        149.60","        149.95","        155.75","        149.30","        154.10","        154.55","        153.38","     415635","            63750218.30","       5297","      98462","         23.69"
"ADANIGAS","EQ","07-Aug-2019","        154.55","        155.05","        163.95","        154.50","        157.60","        156.95","        159.61","     901026","           143809800.85","      12279","     337861","         37.50"
"ADANIGAS","EQ","08-Aug-2019","        156.95","        162.95","        166.90","        158.60","        160.60","        160.80","        161.46","    1353872","           218595745.15","      14799","     275619","         20.36"
"ADANIGAS","EQ","09-Aug-2019","        160.80","        161.80","        162.90","        156.45","        157.55","        157.65","        159.41","     496456","            79137633.90","       5305","     209507","         42.20"
"ADANIGAS","EQ","13-Aug-2019","        157.65","        157.55","        157.95","        151.50","        152.60","        152.70","        154.08","     352156","            54258584.95","       3247","     186233","         52.88"
"ADANIGAS","EQ","14-Aug-2019","        152.70","        154.50","        156.60","        151.55","        153.95","        153.45","        153.94","     310914","            47861813.80","       3654","      72055","         23.18"
"ADANIGAS","EQ","16-Aug-2019","        153.45","        153.60","        154.85","        151.45","        152.15","        153.15","        153.28","     275742","            42265383.95","       3301","     111680","         40.50"
"ADANIGAS","EQ","19-Aug-2019","        153.15","        153.30","        154.65","        151.50","        152.90","        152.80","        152.92","     234600","            35875821.75","       2944","      89948","         38.34"
"ADANIGAS","EQ","20-Aug-2019","        152.80","        153.10","        159.45","        152.65","        155.25","        155.15","        155.39","     490947","            76290252.05","       5386","     141234","         28.77"
"ADANIGAS","EQ","21-Aug-2019","        155.15","        155.00","        157.65","        150.50","        152.75","        152.10","        154.05","     384147","            59177294.75","       5086","     150087","         39.07"
"ADANIGAS","EQ","22-Aug-2019","        152.10","        152.10","        153.00","        145.35","        146.20","        146.30","        148.01","     289216","            42806034.95","       3634","     150130","         51.91"
"ADANIGAS","EQ","23-Aug-2019","        146.30","        142.55","        148.70","        141.00","        146.35","        146.60","        145.03","     353163","            51217774.20","       4743","     138747","         39.29"
"ADANIGAS","EQ","26-Aug-2019","        146.60","        150.00","        151.45","        143.70","        148.50","        148.00","        147.59","     320649","            47323806.60","       4711","      82297","         25.67"
"ADANIGAS","EQ","27-Aug-2019","        148.00","        148.40","        151.00","        147.20","        147.70","        148.20","        148.40","     552020","            81919742.60","       5735","     150012","         27.18"
"ADANIGAS","EQ","28-Aug-2019","        148.20","        148.80","        149.90","        146.05","        146.45","        147.10","        148.13","     232974","            34510273.45","       2677","     128732","         55.26"
"ADANIGAS","EQ","29-Aug-2019","        147.10","        146.50","        147.20","        143.25","        143.30","        143.85","        145.29","     158967","            23095772.50","       2780","      77716","         48.89"
"ADANIGAS","EQ","30-Aug-2019","        143.85","        143.45","        144.40","        139.00","        139.95","        140.45","        140.69","     606027","            85262859.55","       6986","     364203","         60.10"
"ADANIGAS","EQ","03-Sep-2019","        140.45","        139.90","        142.95","        137.10","        139.00","        139.20","        140.40","     339958","            47729962.80","       4237","     186464","         54.85"
"ADANIGAS","EQ","04-Sep-2019","        139.20","        139.00","        140.25","        135.50","        135.80","        135.95","        137.04","     294187","            40316207.05","       3687","     173208","         58.88"
"ADANIGAS","EQ","05-Sep-2019","        135.95","        136.60","        139.50","        136.15","        136.65","        137.15","        137.59","     351954","            48425948.80","       3946","     187889","         53.38"
"ADANIGAS","EQ","06-Sep-2019","        137.15","        136.85","        138.95","        135.80","        137.55","        137.45","        137.53","     325892","            44820564.00","       3389","     198162","         60.81"
"ADANIGAS","EQ","09-Sep-2019","        137.45","        138.00","        138.00","        133.60","        135.00","        134.80","        135.27","     639225","            86470823.00","       6122","     424695","         66.44"
"ADANIGAS","EQ","11-Sep-2019","        134.80","        133.30","        141.90","        133.30","        136.95","        137.50","        138.25","     853048","           117935394.90","       6604","     475240","         55.71"
"ADANIGAS","EQ","12-Sep-2019","        137.50","        138.50","        140.05","        137.05","        137.95","        138.05","        138.74","     297367","            41257181.80","       3079","     122433","         41.17"
"ADANIGAS","EQ","13-Sep-2019","        138.05","        140.05","        144.80","        138.60","        143.55","        143.25","        142.34","    1503990","           214077278.95","       9652","     641686","         42.67"
"ADANIGAS","EQ","16-Sep-2019","        143.25","        142.50","        144.40","        140.50","        140.80","        140.80","        142.44","     714126","           101718008.85","       5851","     309495","         43.34"
"ADANIGAS","EQ","17-Sep-2019","        140.80","        141.85","        143.80","        138.35","        139.75","        139.50","        141.55","     426875","            60425453.15","       5111","     211007","         49.43"
"ADANIGAS","EQ","18-Sep-2019","        139.50","        140.95","        141.50","        138.00","        138.30","        138.35","        139.57","     227492","            31750124.60","       2621","     121224","         53.29"
"ADANIGAS","EQ","19-Sep-2019","        138.35","        139.35","        139.90","        133.75","        135.55","        135.25","        136.14","     246618","            33573420.45","       3486","     124714","         50.57"
"ADANIGAS","EQ","20-Sep-2019","        135.25","        136.90","        138.00","        128.10","        134.40","        133.35","        133.84","    1877757","           251318241.85","      12171","    1169168","         62.26"
"ADANIGAS","EQ","23-Sep-2019","        133.35","        137.70","        140.00","        134.10","        135.20","        135.35","        136.47","     497130","            67842531.25","       5275","     263220","         52.95"
"ADANIGAS","EQ","24-Sep-2019","        135.35","        133.05","        136.90","        131.75","        133.50","        133.10","        134.09","     491534","            65910234.90","       5264","     278365","         56.63"
"ADANIGAS","EQ","25-Sep-2019","        133.10","        134.00","        135.60","        131.05","        131.10","        131.45","        132.99","     420526","            55924922.45","       4622","     236779","         56.31"
"ADANIGAS","EQ","26-Sep-2019","        131.45","        132.40","        137.30","        130.20","        132.55","        132.70","        133.96","    1027867","           137697769.60","       8736","     492088","         47.87"
"ADANIGAS","EQ","27-Sep-2019","        132.70","        133.00","        136.00","        131.90","        132.85","        132.50","        134.03","     455998","            61117054.60","       4226","     186195","         40.83"
"ADANIGAS","EQ","30-Sep-2019","        132.50","        132.50","        133.55","        128.70","        128.80","        129.20","        129.95","     630386","            81920414.70","       4332","     441791","         70.08"
"ADANIGAS","EQ","01-Oct-2019","        129.20","        130.90","        136.40","        128.55","        130.20","        130.40","        133.43","     971007","           129565733.45","       8014","     238318","         24.54"
"ADANIGAS","EQ","03-Oct-2019","        130.40","        130.00","        132.90","        128.10","        128.25","        128.65","        129.71","     401737","            52110215.80","       3650","     188637","         46.96"
"ADANIGAS","EQ","04-Oct-2019","        128.65","        129.80","        131.40","        127.40","        127.50","        127.85","        129.00","     349316","            45060609.05","       4090","     141517","         40.51"
"ADANIGAS","EQ","07-Oct-2019","        127.85","        127.90","        131.95","        127.70","        130.50","        130.10","        130.16","     402366","            52370363.00","       3174","     178905","         44.46"
"ADANIGAS","EQ","09-Oct-2019","        130.10","        131.55","        138.40","        131.30","        136.80","        136.05","        135.46","    1712612","           231989537.30","      15171","     621921","         36.31"
"ADANIGAS","EQ","10-Oct-2019","        136.05","        138.00","        142.95","        136.80","        138.80","        138.50","        139.53","    1889479","           263644679.30","      16721","     739119","         39.12"
"ADANIGAS","EQ","11-Oct-2019","        138.50","        139.05","        142.00","        137.10","        137.75","        137.65","        139.26","     699218","            97370711.60","       6630","     242953","         34.75"
